competitor,source_name,source_scientific_name,comparison_name,our_status,our_species_id,priority,evidence_kind,source_url,local_mentions,notes
boletaires.cat,"Reig, Ou de reig",Amanita caesarea,Amanita caesarea,covered,amanita-caesarea,covered,catalogue-record,https://boletaires.cat/js/species-data.min.js,data/species-gallery-media.ts:420; data/species-gallery-media.ts:430; data/species-media.ts:218; data/species.ts:45; data/species.ts:603; data/species.ts:943; data/species.ts:1218,
boletaires.cat,"Apagallums, Paloma",Macrolepiota procera,Macrolepiota procera,covered,macrolepiota-procera,covered,catalogue-record,https://boletaires.cat/js/species-data.min.js,data/species-gallery-media.ts:344; data/species-gallery-media.ts:354; data/species-gallery-media.ts:364; data/species-media.ts:182; data/species.ts:536; data/species.ts:541; data/species.ts:549; data/species.ts:983,
boletaires.cat,Cep,Boletus edulis,Boletus edulis,covered,boletus-edulis,covered,catalogue-record,https://boletaires.cat/js/species-data.min.js,data/editorial.ts:148; data/species-gallery-media.ts:125; data/species-gallery-media.ts:135; data/species-media.ts:62; data/species.ts:29; data/species.ts:37; data/species.ts:401; data/species.ts:404; data/species.ts:413; data/species.ts:422; data/species.ts:434; data/species.ts:450; app/zones/ceps/page.tsx:86,
boletaires.cat,Cep negre,Boletus aereus,Boletus aereus,covered,boletus-aereus,covered,catalogue-record,https://boletaires.cat/js/species-data.min.js,data/species-gallery-media.ts:169; data/species-gallery-media.ts:179; data/species-media.ts:86; data/species.ts:29; data/species.ts:440; app/zones/ceps/page.tsx:86,
boletaires.cat,"Camagroc, Rossinyolic",Cantharellus lutescens,Craterellus lutescens,covered,craterellus-lutescens,covered,catalogue-record,https://boletaires.cat/js/species-data.min.js,data/species-gallery-media.ts:279; data/species-gallery-media.ts:289; data/species-media.ts:146; data/species.ts:497; data/species.ts:502; data/species.ts:510; data/species.ts:862; data/species.ts:1449,
boletaires.cat,"Pinetell, Rovelló",Lactarius deliciosus,Lactarius deliciosus,covered,lactarius-deliciosus,covered,catalogue-record,https://boletaires.cat/js/species-data.min.js,data/species-gallery-media.ts:213; data/species-gallery-media.ts:223; data/species-media.ts:110; data/species.ts:61; data/species.ts:457; data/species.ts:458; data/species.ts:461; data/species.ts:476; data/species.ts:1412; app/zones/rovellons/page.tsx:107; app/preguntes-frequents-bolets/page.tsx:98,
boletaires.cat,"Rovelló de sang, Pinetell vinós",Lactarius sanguifluus,Lactarius sanguifluus,covered,lactarius-sanguifluus,covered,catalogue-record,https://boletaires.cat/js/species-data.min.js,data/species-gallery-media.ts:235; data/species-gallery-media.ts:245; data/species-media.ts:122; data/species.ts:463; data/species.ts:471; data/species.ts:474; app/zones/rovellons/page.tsx:107; app/preguntes-frequents-bolets/page.tsx:98,
boletaires.cat,Cua de cavall,Amanita rubescens,Amanita rubescens,mentioned-only,,P1,catalogue-record,https://boletaires.cat/js/species-data.min.js,data/species.ts:1140,
boletaires.cat,"Farinera borda, Cogomassa",Amanita phalloides,Amanita phalloides,covered,amanita-phalloides,covered,catalogue-record,https://boletaires.cat/js/species-data.min.js,data/culinary-profiles.ts:222; data/culinary-profiles.ts:482; data/species-gallery-media.ts:728; data/species-gallery-media.ts:738; data/species-media.ts:386; data/species.ts:173; data/species.ts:605; data/species.ts:746; data/species.ts:922; data/species.ts:944; data/species.ts:945; data/reference-species.ts:95; data/reference-species.ts:153; data/reference-species.ts:210,
boletaires.cat,"Mataparent de satanàs, Matagent",Rubroboletus satanas,Rubroboletus satanas,covered,rubroboletus-satanas,covered,catalogue-record,https://boletaires.cat/js/species-data.min.js,data/species-gallery-media.ts:15; data/species-gallery-media.ts:25; data/species.ts:27; data/species.ts:426; data/species.ts:442; data/species.ts:450,
boletaires.cat,"Alzinoi, Pollancró",Cyclocybe aegerita,Cyclocybe cylindracea,covered,cyclocybe-cylindracea,covered,catalogue-record,https://boletaires.cat/js/species-data.min.js,data/species-gallery-media.ts:1080; data/species-gallery-media.ts:1090; data/species-media.ts:638; data/species.ts:191; data/species.ts:1023,Pollancro name overlap; legacy aegerita/cylindracea usage does not justify an automatic extra page. Reconcile species concepts before splitting.
boletaires.cat,"Xampinyó silvestre, Camperol",Agaricus campestris,Agaricus campestris,covered,agaricus-campestris,covered,catalogue-record,https://boletaires.cat/js/species-data.min.js,data/species-gallery-media.ts:618; data/species-gallery-media.ts:628; data/species-media.ts:326; data/species.ts:724; data/species.ts:944; data/species.ts:1179; data/species.ts:1217; data/species.ts:1335,
boletaires.cat,"Bola de neu anisada, Bola de neu de bosc",Agaricus arvensis,Agaricus arvensis,missing,,P2,catalogue-record,https://boletaires.cat/js/species-data.min.js,,
boletaires.cat,"Tòfona negra, Tòfona de cervi",Tuber melanosporum,Tuber melanosporum,covered,tuber-melanosporum,covered,catalogue-record,https://boletaires.cat/js/species-data.min.js,data/species-gallery-media.ts:706; data/species-gallery-media.ts:716; data/species-media.ts:374; data/species.ts:882,
boletaires.cat,Cassoleta taronja,Aleuria aurantia,Aleuria aurantia,missing,,P3,catalogue-record,https://boletaires.cat/js/species-data.min.js,,
boletaires.cat,Mataparent amarg,Tylopilus felleus,Tylopilus felleus,covered,tylopilus-felleus,covered,catalogue-record,https://boletaires.cat/js/species-data.min.js,data/culinary-profiles.ts:90; data/species-gallery-media.ts:37; data/species-gallery-media.ts:47; data/species.ts:35; data/species.ts:426; data/species.ts:434; data/species.ts:450,
boletaires.cat,"Cama-sec, Carrereta",Marasmius oreades,Marasmius oreades,covered,marasmius-oreades,covered,catalogue-record,https://boletaires.cat/js/species-data.min.js,data/species-gallery-media.ts:442; data/species-gallery-media.ts:452; data/species-media.ts:230; data/species.ts:611; data/species.ts:1373,
boletaires.cat,"Fredolic, Negret",Tricholoma terreum,Tricholoma terreum,covered,tricholoma-terreum,covered,catalogue-record,https://boletaires.cat/js/species-data.min.js,data/species-gallery-media.ts:376; data/species-gallery-media.ts:386; data/species-media.ts:194; data/species.ts:559; data/species.ts:564; data/species.ts:572; data/species.ts:1256,
boletaires.cat,"Molleric granellut, Molleric",Suillus granulatus,Suillus granulatus,covered,suillus-granulatus,covered,catalogue-record,https://boletaires.cat/js/species-data.min.js,data/species-gallery-media.ts:1124; data/species-gallery-media.ts:1134; data/species-media.ts:662; data/species.ts:269; data/species.ts:668,
boletaires.cat,"Molleric clapat, Mataparent clapat",Suillus variegatus,Suillus variegatus,missing,,P3,catalogue-record,https://boletaires.cat/js/species-data.min.js,,
boletaires.cat,"Fredolic gros bord, Fredolic bord",Tricholoma pardinum,Tricholoma pardinum,covered,tricholoma-pardinum,covered,catalogue-record,https://boletaires.cat/js/species-data.min.js,data/culinary-profiles.ts:200; data/species-gallery-media.ts:904; data/species-gallery-media.ts:914; data/species-media.ts:542; data/species.ts:134; data/species.ts:568; data/species.ts:574; data/species.ts:1235,
boletaires.cat,"Bolet de pi, Flota d'olor sofre",Hypholoma fasciculare,Hypholoma fasciculare,mentioned-only,,P1,catalogue-record,https://boletaires.cat/js/species-data.min.js,data/species.ts:213,
boletaires.cat,"Rossinyol, Agulleta",Cantharellus cibarius,Cantharellus cibarius,covered,cantharellus-cibarius,covered,catalogue-record,https://boletaires.cat/js/species-data.min.js,data/species-gallery-media.ts:257; data/species-gallery-media.ts:267; data/species-media.ts:134; data/species.ts:61; data/species.ts:484; data/species.ts:487; data/reference-species.ts:36; app/fals-rossinyol/page.tsx:52,
boletaires.cat,Moixernó,Calocybe gambosa,Calocybe gambosa,covered,calocybe-gambosa,covered,catalogue-record,https://boletaires.cat/js/species-data.min.js,data/species-gallery-media.ts:464; data/species-gallery-media.ts:474; data/species-media.ts:242; data/species.ts:619; data/species.ts:1296; data/species.ts:1334,
boletaires.cat,"Pinetell de calceta, Molleric de calceta",Suillus luteus,Suillus luteus,covered,suillus-luteus,covered,catalogue-record,https://boletaires.cat/js/species-data.min.js,data/species-gallery-media.ts:552; data/species-gallery-media.ts:562; data/species-media.ts:290; data/species.ts:290; data/species.ts:666,
boletaires.cat,"Cama de perdiu, Cabrit",Chroogomphus rutilus,Chroogomphus rutilus,covered,chroogomphus-rutilus,covered,catalogue-record,https://boletaires.cat/js/species-data.min.js,data/species-gallery-media.ts:574; data/species-gallery-media.ts:584; data/species-media.ts:302; data/species.ts:674; data/species.ts:1062,
boletaires.cat,"Verderol, Groguet",Tricholoma equestre,Tricholoma equestre,missing,,P1,catalogue-record,https://boletaires.cat/js/species-data.min.js,,
boletaires.cat,"Bola de neu pudent, Xampinyó pudent",Agaricus xanthodermus,Agaricus xanthodermus,mentioned-only,,P1,catalogue-record,https://boletaires.cat/js/species-data.min.js,data/culinary-profiles.ts:315; data/species.ts:745,
boletaires.cat,"Pentinella rosada, Carlet",Hygrophorus russula,Hygrophorus russula,covered,hygrophorus-russula,covered,catalogue-record,https://boletaires.cat/js/species-data.min.js,data/species-gallery-media.ts:486; data/species-gallery-media.ts:496; data/species-media.ts:254; data/species.ts:629; data/species.ts:634; data/species.ts:642; data/species.ts:1295,
boletaires.cat,"Fetge de vaca, Llengua de bou vermellosa",Fistulina hepatica,Fistulina hepatica,missing,,P2,catalogue-record,https://boletaires.cat/js/species-data.min.js,,
boletaires.cat,"Verderol anisat, Anisada",Clitocybe odora,Clitocybe odora,missing,,P3,catalogue-record,https://boletaires.cat/js/species-data.min.js,,
boletaires.cat,Fetjó,Rhizopogon roseolus,Rhizopogon roseolus,missing,,P3,catalogue-record,https://boletaires.cat/js/species-data.min.js,,
boletaires.cat,"Apagallums de cama blanca, Paloma petita",Chlorophyllum brunneum,Chlorophyllum brunneum,mentioned-only,,P3,catalogue-record,https://boletaires.cat/js/species-data.min.js,data/species.ts:252,Do not import the competitor synonym list blindly: its rhacodes mapping needs separate taxonomic review.
boletaires.cat,"Rovelló de cabra, Pinetell bord",Lactarius chrysorrheus,Lactarius chrysorrheus,missing,,P1,catalogue-record,https://boletaires.cat/js/species-data.min.js,,
boletaires.cat,"Cortinari metzinós, Cortinari rutilant",Cortinarius orellanus,Cortinarius orellanus,covered,cortinarius-orellanus,covered,catalogue-record,https://boletaires.cat/js/species-data.min.js,data/species-gallery-media.ts:794; data/species-gallery-media.ts:804; data/species-media.ts:482; data/species.ts:1040,
boletaires.cat,"Bolet de greix, Múrgola falsa",Gyromitra esculenta,Gyromitra esculenta,covered,gyromitra-esculenta,covered,catalogue-record,https://boletaires.cat/js/species-data.min.js,data/species-gallery-media.ts:826; data/species-media.ts:494; data/species.ts:652; data/species.ts:1079,
boletaires.cat,"Llora, Carbonera",Russula cyanoxantha,Russula cyanoxantha,covered,russula-cyanoxantha,covered,catalogue-record,https://boletaires.cat/js/species-data.min.js,data/field-guide-sources.ts:72; data/field-guide-sources.ts:77; data/reference-species.ts:184,
boletaires.cat,"Fredolic gros, Xaparrot",Tricholoma portentosum,Tricholoma portentosum,covered,tricholoma-portentosum,covered,catalogue-record,https://boletaires.cat/js/species-data.min.js,data/species-gallery-media.ts:1036; data/species-gallery-media.ts:1046; data/species-media.ts:614; data/species.ts:113; data/species.ts:574; data/species.ts:1257,
boletaires.cat,"Pampa, Pampeta, Platera",Clitocybe geotropa,Clitocybe geotropa,missing,,P3,catalogue-record,https://boletaires.cat/js/species-data.min.js,,
boletaires.cat,"Mataparent de cama roja, Mataparent",Neoboletus luridiformis,Neoboletus luridiformis,missing,,P3,catalogue-record,https://boletaires.cat/js/species-data.min.js,,
boletaires.cat,"Bromosa, Griseta, Moixernó de pi",Clitocybe nebularis,Clitocybe nebularis,missing,,P1,catalogue-record,https://boletaires.cat/js/species-data.min.js,,
boletaires.cat,"Bolet de soca versicolor, Bolet de fusta",Trametes versicolor,Trametes versicolor,missing,,P2,catalogue-record,https://boletaires.cat/js/species-data.min.js,,
boletaires.cat,"Pipa, Pipa de fageda",Ganoderma lucidum,Ganoderma lucidum,mentioned-only,,P2,catalogue-record,https://boletaires.cat/js/species-data.min.js,app/bolets-de-soca/page.tsx:56,
boletaires.cat,"Farinera, Farinera grossa",Amanita ovoidea,Amanita ovoidea,missing,,P3,catalogue-record,https://boletaires.cat/js/species-data.min.js,,
boletaires.cat,"Cualbra retgera, Llora daurada",Russula aurea,Russula aurea,missing,,P3,catalogue-record,https://boletaires.cat/js/species-data.min.js,,
boletaires.cat,"Llora blanca, Pebràs",Russula delica,Russula delica,missing,,P2,catalogue-record,https://boletaires.cat/js/species-data.min.js,,
boletaires.cat,"Abró de bedoll, Pinetell de bedoll",Leccinum scabrum,Leccinum scabrum,missing,,P3,catalogue-record,https://boletaires.cat/js/species-data.min.js,,
boletaires.cat,"Greixa d'avet, Greixa de pi",Sparassis crispa,Sparassis crispa,missing,,P2,catalogue-record,https://boletaires.cat/js/species-data.min.js,,
boletaires.cat,Bolet d'hivern,Flammulina velutipes,Flammulina velutipes,missing,,P2,catalogue-record,https://boletaires.cat/js/species-data.min.js,,
boletaires.cat,Cogoma groga,Amanita citrina,Amanita citrina,missing,,P3,catalogue-record,https://boletaires.cat/js/species-data.min.js,,
boletaires.cat,"Inocibes, Barrets de bruixa",Inocybe rimosa,Inocybe rimosa,missing,,P3,catalogue-record,https://boletaires.cat/js/species-data.min.js,,
boletaires.cat,"Abró vermell, Pinetell vermell",Leccinum aurantiacum,Leccinum aurantiacum,missing,,P3,catalogue-record,https://boletaires.cat/js/species-data.min.js,,Do not import the competitor synonym list blindly: its versipelle mapping needs separate taxonomic review.
boletaires.cat,"Lleterola roja, Esclata-sang de llet",Lactarius volemus,Lactarius volemus,missing,,P3,catalogue-record,https://boletaires.cat/js/species-data.min.js,,
boletaires.cat,Cortinari gros,Cortinarius praestans,Cortinarius praestans,missing,,P3,catalogue-record,https://boletaires.cat/js/species-data.min.js,,
boletaires.cat,"Maneta arrissada, Peu de rata",Ramaria flava,Ramaria flava,missing,,P3,catalogue-record,https://boletaires.cat/js/species-data.min.js,,
boletaires.cat,"Pebrassa vellutada, Pebràs",Lactarius vellereus,Lactarius vellereus,missing,,P3,catalogue-record,https://boletaires.cat/js/species-data.min.js,,
boletaires.cat,"Nematoloma rogenc, Bolet de pi rogenc",Hypholoma lateritium,Hypholoma lateritium,missing,,P3,catalogue-record,https://boletaires.cat/js/species-data.min.js,,
boletaires.cat,"Múrgola, Rabassola",Morchella esculenta,Morchella esculenta,covered,morchella-esculenta,covered,catalogue-record,https://boletaires.cat/js/species-data.min.js,data/species-gallery-media.ts:508; data/species-gallery-media.ts:518; data/species-media.ts:266; data/species.ts:650; data/species.ts:1100,
boletaires.cat,"Trompeta de la mort, Cornucòpia",Craterellus cornucopioides,Craterellus cornucopioides,covered,craterellus-cornucopioides,covered,catalogue-record,https://boletaires.cat/js/species-data.min.js,data/species-gallery-media.ts:301; data/species-gallery-media.ts:311; data/species-media.ts:158; data/species.ts:512; data/species.ts:518,
boletaires.cat,"Llengua de bou, Picornell de pi",Hydnum repandum,Hydnum repandum,covered,hydnum-repandum,covered,catalogue-record,https://boletaires.cat/js/species-data.min.js,data/species-gallery-media.ts:323; data/species-gallery-media.ts:333; data/species-media.ts:170; data/species.ts:526,
boletaires.cat,"Gírgola, Orellana",Pleurotus ostreatus,Pleurotus ostreatus,covered,pleurotus-ostreatus,covered,catalogue-record,https://boletaires.cat/js/species-data.min.js,data/species-gallery-media.ts:640; data/species-gallery-media.ts:650; data/species-media.ts:338; data/species.ts:329; data/species.ts:763,
boletaires.cat,"Gírgola de panical, Bolet de card",Pleurotus eryngii,Pleurotus eryngii,covered,pleurotus-eryngii,covered,catalogue-record,https://boletaires.cat/js/species-data.min.js,data/species-gallery-media.ts:1156; data/species-media.ts:674; data/species.ts:308,
boletaires.cat,"Pimpinella morada, Peu blau",Lepista nuda,Lepista nuda,covered,lepista-nuda,covered,catalogue-record,https://boletaires.cat/js/species-data.min.js,data/species-gallery-media.ts:530; data/species-gallery-media.ts:540; data/species-media.ts:278; data/species.ts:53; data/species.ts:658,
boletaires.cat,Cogoma d'estepa,Amanita ponderosa,Amanita ponderosa,missing,,P3,catalogue-record,https://boletaires.cat/js/species-data.min.js,,
boletaires.cat,"Bolet de tinta, Barbuda",Coprinus comatus,Coprinus comatus,covered,coprinus-comatus,covered,catalogue-record,https://boletaires.cat/js/species-data.min.js,data/species-gallery-media.ts:1102; data/species-gallery-media.ts:1112; data/species-media.ts:650; data/species.ts:230,
boletaires.cat,"Pet de llop perlat, Bufa de dimoni",Lycoperdon perlatum,Lycoperdon perlatum,covered,lycoperdon-perlatum,covered,catalogue-record,https://boletaires.cat/js/species-data.min.js,data/field-guide-sources.ts:41; data/field-guide-sources.ts:46; data/reference-species.ts:69; data/reference-species.ts:148,
boletaires.cat,Orella de Judes,Auricularia auricula-judae,Auricularia auricula-judae,missing,,P2,catalogue-record,https://boletaires.cat/js/species-data.min.js,,
boletaires.cat,"Reig bord, Fals reig",Amanita muscaria,Amanita muscaria,covered,amanita-muscaria,covered,catalogue-record,https://boletaires.cat/js/species-data.min.js,data/comparison-pages.ts:57; data/species-gallery-media.ts:59; data/species-gallery-media.ts:69; data/species.ts:43; data/species.ts:605; data/species.ts:1139,
boletaires.cat,"Gírgola d'olivera, Bolet de l'olivera",Omphalotus olearius,Omphalotus olearius,covered,omphalotus-olearius,covered,catalogue-record,https://boletaires.cat/js/species-data.min.js,data/species-gallery-media.ts:103; data/species-gallery-media.ts:113; data/species.ts:59; data/species.ts:330; data/species.ts:489; data/species.ts:784; data/reference-species.ts:41; app/fals-rossinyol/page.tsx:53,
bolets.info,Reig Bord Groc,Amanita citrina,Amanita citrina,missing,,P3,profile,https://bolets.info/fitxa-bolet/reig-bord-groc/,,
bolets.info,Lepiota brunneo…,Lepiota brunneoincarnata,Lepiota brunneoincarnata,covered,lepiota-brunneoincarnata,covered,profile,https://bolets.info/fitxa-bolet/lepiota-brunneoincarnata/,data/species-gallery-media.ts:750; data/species-gallery-media.ts:760; data/species.ts:551; data/species.ts:962,
bolets.info,Pixacà de garsa,Coprinus picaceus,Coprinus picaceus,missing,,P3,profile,https://bolets.info/fitxa-bolet/pixaca-de-garsa-coprinus-picaceuscoprino-blanco-y-negro/,,
bolets.info,Pixacà,Amanita pantherina,Amanita pantherina,covered,amanita-pantherina,covered,profile,https://bolets.info/fitxa-bolet/pixacaamanita-pantherinaamanita-pantera-galipierno-falso/,data/species-gallery-media.ts:838; data/species-gallery-media.ts:848; data/species-media.ts:506; data/species.ts:45; data/species.ts:1118,
bolets.info,Entoloma rhodopo…,Entoloma rhodopolium,Entoloma rhodopolium,missing,,P3,profile,https://bolets.info/fitxa-bolet/entoloma-rhodopolium/,,
bolets.info,Inocybe geophilla (var),Inocybe geophilla var. lilacina,Inocybe geophilla var. lilacina,unresolved,,hold,profile,https://bolets.info/fitxa-bolet/inocybe-geophilla-var-lilacina/,,Unresolved: misspelled legacy varietal name; establish current taxon before commissioning a species page.
bolets.info,Llenega borda,Cortinarius trivialis,Cortinarius trivialis,missing,,P2,profile,https://bolets.info/fitxa-bolet/llenega-bordacortinarius-trivialiscortinario-trivial/,,
bolets.info,Escaldabec fràgil,Russula fragilis,Russula fragilis,missing,,P3,profile,https://bolets.info/fitxa-bolet/escaldabec-fragil-russula-fragilis/,,
bolets.info,Pinetell bord,Lactarius chrysorrheus,Lactarius chrysorrheus,missing,,P1,profile,https://bolets.info/fitxa-bolet/pinetell-bord-lleterola-de-llet-grogalactarius-chrysorrheuslactario-de-leche-dorada/,,
bolets.info,Lleterola roja,Lactarius rugatus,Lactifluus rugatus,missing,,P1,profile,https://bolets.info/fitxa-bolet/lleterola-rojalactarius-rugatus/,,
bolets.info,Sureny fosc,Boletus aereus,Boletus aereus,covered,boletus-aereus,covered,profile,https://bolets.info/fitxa-bolet/sureny-fosc-boletus-aereusboleto-bronceado/,data/species-gallery-media.ts:169; data/species-gallery-media.ts:179; data/species-media.ts:86; data/species.ts:29; data/species.ts:440; app/zones/ceps/page.tsx:86,
bolets.info,Mataparent amarg,Boletus calopus,Boletus calopus,missing,,P3,profile,https://bolets.info/fitxa-bolet/mataparent-amargboletus-calopuspie-rojo-amargo/,,
bolets.info,Pampa,Clitocybe,Clitocybe,unresolved,,hold,profile,https://bolets.info/fitxa-bolet/pampaclitocybe-gibbacabeza-de-fraile/,data/species-gallery-media.ts:525; data/species-gallery-media.ts:526; data/species-gallery-media.ts:965; data/species-gallery-media.ts:966; data/species-gallery-media.ts:970; data/species-gallery-media.ts:975; data/species-gallery-media.ts:976; data/species-gallery-media.ts:980; data/species-media.ts:573; data/species-media.ts:574; data/species-media.ts:578; data/species.ts:613; data/species.ts:1374; data/species.ts:1450,Unresolved: body gives only a genus; URL says gibba. Do not infer geotropa from the common name Pampa.
bolets.info,Molleric clar,Suillus bellini,Suillus bellinii,missing,,P1,profile,https://bolets.info/fitxa-bolet/molleric-clarsuillus-bellini/,,
bolets.info,Bromosa,Clitocybe nebularis,Clitocybe nebularis,missing,,P1,profile,https://bolets.info/fitxa-bolet/bromosaclitocybe-nebularispardilla/,,
bolets.info,Cigró,Leccinum lepidum,Leccinellum lepidum,missing,,P1,profile,https://bolets.info/fitxa-bolet/cigroleccinum-lepidumfaisan/,,
bolets.info,Bolet Sabonós,Tricholoma saponaceum,Tricholoma saponaceum,missing,,P3,profile,https://bolets.info/fitxa-bolet/tricholoma-saponaceumtricoloma-saponaceo/,,
bolets.info,Tricoloma groc,Tricholoma sejunctum,Tricholoma sejunctum,missing,,P3,profile,https://bolets.info/fitxa-bolet/tricoloma-groctricholoma-sejunctumtricoloma-amarillo/,,
bolets.info,Tricoloma fosc,Tricholoma squarrulosum,Tricholoma squarrulosum,missing,,P3,profile,https://bolets.info/fitxa-bolet/tricholoma-squarrulosum/,,
bolets.info,Cama o Bec de Perdiu,Chroogomphus rutilus,Chroogomphus rutilus,covered,chroogomphus-rutilus,covered,profile,https://bolets.info/fitxa-bolet/cama-o-bec-de-perdiuchroogomphus-rutilus/,data/species-gallery-media.ts:574; data/species-gallery-media.ts:584; data/species-media.ts:302; data/species.ts:674; data/species.ts:1062,
bolets.info,Llengua bou vermellosa,Hydnum rufescens,Hydnum rufescens,mentioned-only,,P2,profile,https://bolets.info/fitxa-bolet/llengua-de-bou-vermellosahydnum-rufescenslengua-de-gato-rojiza/,data/species.ts:528,
bolets.info,Rossinyol Embudat,Cantharellus tubaeformis,Craterellus tubaeformis,covered,craterellus-tubaeformis,covered,profile,https://bolets.info/fitxa-bolet/rossinyol-embudatcantharellus-tubaeformisrebozuelo-atrompetado/,data/species-gallery-media.ts:684; data/species-gallery-media.ts:694; data/species-media.ts:362; data/species.ts:53; data/species.ts:512; data/species.ts:841,
bolets.info,Camagroc,Cantharellus lutescens,Craterellus lutescens,covered,craterellus-lutescens,covered,profile,https://bolets.info/fitxa-bolet/camagroc-rossinyoliccantharellus-lutescensrebozuelo-anaranjado/,data/species-gallery-media.ts:279; data/species-gallery-media.ts:289; data/species-media.ts:146; data/species.ts:497; data/species.ts:502; data/species.ts:510; data/species.ts:862; data/species.ts:1449,
bolets.info,Mataparent,Boletus satanas,Rubroboletus satanas,covered,rubroboletus-satanas,covered,profile,https://bolets.info/fitxa-bolet/mataparentboletus-satanas/,data/species-gallery-media.ts:15; data/species-gallery-media.ts:25; data/species.ts:27; data/species.ts:426; data/species.ts:442; data/species.ts:450,
bolets.info,Rovelló de cabra,Lactarius torminosus,Lactarius torminosus,mentioned-only,,P1,profile,https://bolets.info/fitxa-bolet/rovello-de-cabralactarius-torminosus/,data/species.ts:463,
bolets.info,Cama-sec,Marasmius oreades,Marasmius oreades,covered,marasmius-oreades,covered,profile,https://bolets.info/fitxa-bolet/cama-sec-carreretes-carreloles-correjolesmarasmius-oreades/,data/species-gallery-media.ts:442; data/species-gallery-media.ts:452; data/species-media.ts:230; data/species.ts:611; data/species.ts:1373,
bolets.info,Rovelló,Lactarius sanguifluus,Lactarius sanguifluus,covered,lactarius-sanguifluus,covered,profile,https://bolets.info/fitxa-bolet/rovello-esclata-sang-rovello-de-solell-vinader-lactarius-sanguifluusnizcalo-de-sangre-vinosa/,data/species-gallery-media.ts:235; data/species-gallery-media.ts:245; data/species-media.ts:122; data/species.ts:463; data/species.ts:471; data/species.ts:474; app/zones/rovellons/page.tsx:107; app/preguntes-frequents-bolets/page.tsx:98,
bolets.info,Carlet,Hygrophorus russula,Hygrophorus russula,covered,hygrophorus-russula,covered,profile,https://bolets.info/fitxa-bolet/carlet-escarlethygrophorus-russulahigroforo-escarlata/,data/species-gallery-media.ts:486; data/species-gallery-media.ts:496; data/species-media.ts:254; data/species.ts:629; data/species.ts:634; data/species.ts:642; data/species.ts:1295,
bolets.info,Mocosa,Hygrophorus eburneus,Hygrophorus eburneus,covered,hygrophorus-eburneus,covered,profile,https://bolets.info/fitxa-bolet/mocosa-mocosa-blancahygrophorus-eburneus/,data/species-gallery-media.ts:662; data/species-gallery-media.ts:672; data/species-media.ts:350; data/species.ts:802; data/species.ts:1178,
bolets.info,Pinetell,Lactarius deliciosus,Lactarius deliciosus,covered,lactarius-deliciosus,covered,profile,https://bolets.info/fitxa-bolet/rovello-pinetell-rovello-dobagalactarius-deliciosusnizcalo-miz/,data/species-gallery-media.ts:213; data/species-gallery-media.ts:223; data/species-media.ts:110; data/species.ts:61; data/species.ts:457; data/species.ts:458; data/species.ts:461; data/species.ts:476; data/species.ts:1412; app/zones/rovellons/page.tsx:107; app/preguntes-frequents-bolets/page.tsx:98,
bolets.info,Cua de cavall,Amanita rubescens,Amanita rubescens,mentioned-only,,P1,profile,https://bolets.info/fitxa-bolet/cua-de-cavallamanita-rubescensamanita-rojiza/,data/species.ts:1140,
bolets.info,Molleric clapat,Suillus variegatus,Suillus variegatus,missing,,P3,profile,https://bolets.info/fitxa-bolet/molleric-clapat-mataparent-clapatsuillus-variegatusboleto-variegado/,,
bolets.info,Tòfona negra,Tuber melanosporum,Tuber melanosporum,covered,tuber-melanosporum,covered,profile,https://bolets.info/fitxa-bolet/tofona-negratuber-melanosporum-vittadini/,data/species-gallery-media.ts:706; data/species-gallery-media.ts:716; data/species-media.ts:374; data/species.ts:882,
bolets.info,Cualgra sanguínia,Russula sanguinea,Russula sanguinea,missing,,P3,profile,https://bolets.info/fitxa-bolet/cualgra-sanguiniarussula-sanguinearusula-emetica/,,
bolets.info,Molleric,Suillus granulatus,Suillus granulatus,covered,suillus-granulatus,covered,profile,https://bolets.info/fitxa-bolet/molleric-granellutsuillus-granulatusboleto-granulado/,data/species-gallery-media.ts:1124; data/species-gallery-media.ts:1134; data/species-media.ts:662; data/species.ts:269; data/species.ts:668,
bolets.info,Verderol,Tricholoma auratum,Tricholoma auratum,missing,,hold,profile,https://bolets.info/fitxa-bolet/verderol-canari-groguettricholoma-auratumseta-de-los-caballeros/,,"Verderol species-complex/name-scope issue; editorially group with equestre pending taxonomy, not an additional first-wave page."
bolets.info,Estrelletes,Geastrum rufescens,Geastrum rufescens,missing,,P3,profile,https://bolets.info/fitxa-bolet/estrelletesgeastrum-rufescens/,,
bolets.info,Múrgola,Morchella rotunda,Morchella esculenta,covered,morchella-esculenta,covered,profile,https://bolets.info/fitxa-bolet/morilla-murga-murgola-rabassolamorchella-rotundacolmenilla-redonda/,data/species-gallery-media.ts:508; data/species-gallery-media.ts:518; data/species-media.ts:266; data/species.ts:650; data/species.ts:1100,Folded into Morchella esculenta for this comparison; Index Fungorum record 166368.
bolets.info,Cassoleta blava,Sarcosphaera crassa,Sarcosphaera crassa,missing,,P3,profile,https://bolets.info/fitxa-bolet/cassoleta-blava-sarcosphaera-crassapeziza-estrellada/,,
bolets.info,Estrufària Verda,Stropharia aeruginosa,Stropharia aeruginosa,missing,,P3,profile,https://bolets.info/fitxa-bolet/estrufaria-verdastropharia-aeruginosaestrofaria-verde/,,
bolets.info,Ou de Reig,Amanita caesarea,Amanita caesarea,covered,amanita-caesarea,covered,profile,https://bolets.info/fitxa-bolet/ou-de-reigamanita-caesareamonjola/,data/species-gallery-media.ts:420; data/species-gallery-media.ts:430; data/species-media.ts:218; data/species.ts:45; data/species.ts:603; data/species.ts:943; data/species.ts:1218,
bolets.info,Cassoleta vermella,Sarcoscypha coccinea,Sarcoscypha coccinea,missing,,P3,profile,https://bolets.info/fitxa-bolet/cassoleta-vermellasarcoscypha-coccineapeziza-escarlata/,,
bolets.info,Farinera Borda,Amanita phalloides,Amanita phalloides,covered,amanita-phalloides,covered,profile,https://bolets.info/fitxa-bolet/farinera-bordaamanita-phalloides/,data/culinary-profiles.ts:222; data/culinary-profiles.ts:482; data/species-gallery-media.ts:728; data/species-gallery-media.ts:738; data/species-media.ts:386; data/species.ts:173; data/species.ts:605; data/species.ts:746; data/species.ts:922; data/species.ts:944; data/species.ts:945; data/reference-species.ts:95; data/reference-species.ts:153; data/reference-species.ts:210,
bolets.info,Ou del diable,Phallus impudicus,Phallus impudicus,missing,,P3,profile,https://bolets.info/fitxa-bolet/ou-del-diablephallus-impudicusfalo-hediondo/,,
bolets.info,Trompeta,Craterellus cornucopioides,Craterellus cornucopioides,covered,craterellus-cornucopioides,covered,profile,https://bolets.info/fitxa-bolet/trompetacraterellus-cornucopioidestrompeta-de-los-muertos/,data/species-gallery-media.ts:301; data/species-gallery-media.ts:311; data/species-media.ts:158; data/species.ts:512; data/species.ts:518,
bolets.info,Fetjó,Rhizopogon roseolus,Rhizopogon roseolus,missing,,P3,profile,https://bolets.info/fitxa-bolet/fetjorhizopogon-roseolus/,,
bolets.info,Pebràs,Russula delica,Russula delica,missing,,P2,profile,https://bolets.info/fitxa-bolet/pebrasrussula-delicarusula-blanca/,,
bolets.info,llenega d’alzinar,Hygrophorus persoonii,Hygrophorus persoonii,mentioned-only,,P2,profile,https://bolets.info/fitxa-bolet/llenega-dalzinarhygrophorus-persooniillenegall/,data/species.ts:597,
bolets.info,Fredolic gros,Tricholoma portentosum,Tricholoma portentosum,covered,tricholoma-portentosum,covered,profile,https://bolets.info/fitxa-bolet/fredolic-gros-fredolic-allenegattricholoma-portentosumcapuchina-tricoloma-portentoso/,data/species-gallery-media.ts:1036; data/species-gallery-media.ts:1046; data/species-media.ts:614; data/species.ts:113; data/species.ts:574; data/species.ts:1257,
bolets.info,Pet de llop,Lycoperdon perlatum,Lycoperdon perlatum,covered,lycoperdon-perlatum,covered,profile,https://bolets.info/fitxa-bolet/pet-de-lloplycoperdon-perlatumcuesco-de-lobo-perlado/,data/field-guide-sources.ts:41; data/field-guide-sources.ts:46; data/reference-species.ts:69; data/reference-species.ts:148,
bolets.info,Pollancró,Agrocybe aegerita,Cyclocybe cylindracea,covered,cyclocybe-cylindracea,covered,profile,https://bolets.info/fitxa-bolet/pollancroagrocybe-aegeritaseta-de-chopo/,data/species-gallery-media.ts:1080; data/species-gallery-media.ts:1090; data/species-media.ts:638; data/species.ts:191; data/species.ts:197; data/species.ts:1023; data/species.ts:1447,Legacy pollancro name already discussed in our Cyclocybe cylindracea profile.
bolets.info,Fredolic,Tricholoma terreum,Tricholoma terreum,covered,tricholoma-terreum,covered,profile,https://bolets.info/fitxa-bolet/fredolic-freduluc-negrettricholoma-terreumraton-negrilla/,data/species-gallery-media.ts:376; data/species-gallery-media.ts:386; data/species-media.ts:194; data/species.ts:559; data/species.ts:564; data/species.ts:572; data/species.ts:1256,
bolets.info,Peu de rata bord,Ramaria formosa,Ramaria formosa,mentioned-only,,P1,profile,https://bolets.info/fitxa-bolet/peu-de-rata-bordramaria-formosaramaria-elegante/,data/species.ts:706,
bolets.info,Gírgola,Pleurotus ostreatus,Pleurotus ostreatus,covered,pleurotus-ostreatus,covered,profile,https://bolets.info/fitxa-bolet/girgolapleurotus-ostreatus/,data/species-gallery-media.ts:640; data/species-gallery-media.ts:650; data/species-media.ts:338; data/species.ts:329; data/species.ts:763,
bolets.info,Peu violeta,Lepista nuda,Lepista nuda,covered,lepista-nuda,covered,profile,https://bolets.info/fitxa-bolet/peu-violeta-pimpinella-morada-moixero-blaulepista-nuda/,data/species-gallery-media.ts:530; data/species-gallery-media.ts:540; data/species-media.ts:278; data/species.ts:53; data/species.ts:658,
bolets.info,Anisat,Clitocybe odora,Clitocybe odora,missing,,P3,profile,https://bolets.info/fitxa-bolet/anisatclitocybe-odoraanisada/,,
bolets.info,Gírgola d’olivera,Omphalotus olearius,Omphalotus olearius,covered,omphalotus-olearius,covered,profile,https://bolets.info/fitxa-bolet/girgola-dolivera-matadonaomphalotus-olearius/,data/species-gallery-media.ts:103; data/species-gallery-media.ts:113; data/species.ts:59; data/species.ts:330; data/species.ts:489; data/species.ts:784; data/reference-species.ts:41; app/fals-rossinyol/page.tsx:53,
bolets.info,Pimpinella rosada,Laccaria laccata,Laccaria laccata,missing,,P3,profile,https://bolets.info/fitxa-bolet/pimpinella-rosadalaccaria-laccatalacaria-rosada/,,
bolets.info,Bolet de pi,Hypholoma fasciculare,Hypholoma fasciculare,mentioned-only,,P1,profile,https://bolets.info/fitxa-bolet/bolet-de-pihypholoma-fascicularehifoloma-de-laminas-verdes/,data/species.ts:213,
bolets.info,Llenega,Hygrophorus latitabundus,Hygrophorus latitabundus,covered,hygrophorus-latitabundus,covered,profile,https://bolets.info/fitxa-bolet/llenegahygrophorus-latitabundus-britehigroforo/,data/species-gallery-media.ts:398; data/species-gallery-media.ts:408; data/species-media.ts:206; data/species.ts:582; data/species.ts:587; data/species.ts:595,
bolets.info,Pinetell de calceta,Suillus luteus,Suillus luteus,covered,suillus-luteus,covered,profile,https://bolets.info/fitxa-bolet/pinetell-de-calcetasuillus-luteusboleto-anillado/,data/species-gallery-media.ts:552; data/species-gallery-media.ts:562; data/species-media.ts:290; data/species.ts:290; data/species.ts:666,
bolets.info,Bolet de Tinta,Coprinus comatus,Coprinus comatus,covered,coprinus-comatus,covered,profile,https://bolets.info/fitxa-bolet/bolet-de-tinta-pixaca-barbutcoprinus-comatusbarbuda-matacandil/,data/species-gallery-media.ts:1102; data/species-gallery-media.ts:1112; data/species-media.ts:650; data/species.ts:230,
bolets.info,Llengua de bou,Hydnum repandum,Hydnum repandum,covered,hydnum-repandum,covered,profile,https://bolets.info/fitxa-bolet/llengua-de-bouhydnum-repandum-gamuza/,data/species-gallery-media.ts:323; data/species-gallery-media.ts:333; data/species-media.ts:170; data/species.ts:526,
bolets.info,Rossinyol,Cantharellus cibarius,Cantharellus cibarius,covered,cantharellus-cibarius,covered,profile,https://bolets.info/fitxa-bolet/rossinyolcantharellus-cibariusrebozuelo-cabrilla/,data/species-gallery-media.ts:257; data/species-gallery-media.ts:267; data/species-media.ts:134; data/species.ts:61; data/species.ts:484; data/species.ts:487; data/reference-species.ts:36; app/fals-rossinyol/page.tsx:52,
bolets.info,Cep,Boletus edulis,Boletus edulis,covered,boletus-edulis,covered,profile,https://bolets.info/fitxa-bolet/cep/,data/editorial.ts:148; data/species-gallery-media.ts:125; data/species-gallery-media.ts:135; data/species-media.ts:62; data/species.ts:29; data/species.ts:37; data/species.ts:401; data/species.ts:404; data/species.ts:413; data/species.ts:422; data/species.ts:434; data/species.ts:450; app/zones/ceps/page.tsx:86,
bolets.info,Apagallums,Macrolepiota procera,Macrolepiota procera,covered,macrolepiota-procera,covered,profile,https://bolets.info/fitxa-bolet/apagallums-cogoma-cogomella-maneta-paloma/,data/species-gallery-media.ts:344; data/species-gallery-media.ts:354; data/species-gallery-media.ts:364; data/species-media.ts:182; data/species.ts:536; data/species.ts:541; data/species.ts:549; data/species.ts:983,
bolets.info,Micena,Mycena pura,Mycena pura,missing,,P3,profile,https://bolets.info/fitxa-bolet/micenamycena-puramicena-pura/,,
bolets.com,Llengua de bou blanca,Hydnum albidum,Hydnum albidum,missing,,P1,profile,https://www.bolets.com/la-llengua-de-bou-blanca.html,,
bolets.com,Trompeta cendrosa,Cantharellus cinereus,Craterellus cinereus,mentioned-only,,P2,comparison-article,https://www.bolets.com/trompeta-de-la-mort-vs-trompeta-cendrosa.html,data/species.ts:520,
bolets.com,Lleterola vermella,Lactarius rugatus,Lactifluus rugatus,missing,,P1,profile,https://www.bolets.com/lleterola-vermella.html,,
bolets.com,Sabatera,Albatrellus pes-caprae,Albatrellus pes-caprae,missing,,P3,profile,https://www.bolets.com/la-sabatera-especie-a-protegir.html,,Conservation framing; verify current nomenclature and status before publication.
bolets.com,Rovello d’avet,Lactarius salmonicolor,Lactarius salmonicolor,missing,,P2,article-section,https://www.bolets.com/rovello.html,,
bolets.com,Rovello de pi negre,Lactarius Queticolor,Lactarius quieticolor,missing,,P2,article-section,https://www.bolets.com/rovello.html,,Competitor spelling preserved; probable quieticolor requires source-backed validation.
bolets.com,Rovello vinader,Lactarius vinosus,Lactarius vinosus,missing,,P2,article-section,https://www.bolets.com/rovello.html,,
bolets.com,Rovello d’avet vermell,Lactarius deterrimus,Lactarius deterrimus,missing,,P3,incidental-mention,https://www.bolets.com/rovello.html,,
